;experiment;rat_number;experiment_type;session_number;ID;session;type;ND1;ND2;D1;D2;np1_T;np2_T;np_T;inj_T;np1_ND1;np1_ND2;np2_ND1;np2_ND2;npT_ND1;npT_ND2;np1_1min_ND1;np2_1min_ND1;npT_1min_ND1;inj_D1;inj_D2;D1_start;D2_start;ND1_start;ND2_start;np1_D1_lat;np2_D1_lat;npT_D1_lat;D2_np1_lat;D2_np2_lat;D2_npT_lat;np1_ND1_lat;np2_ND1_lat;npT_ND1_lat;np1_ND2_lat;np2_ND2_lat;npT_ND2_lat;inj_D1_lat;inj_D2_lat;F6_1;L9_1;L9F6diff_1;L9F6ratio_1;late_seeker_1;F6_2;L9_2;L9F6diff_2;L9F6ratio_2;late_seeker_2;dk_D1_time;dk_D1_peakFpre;dk_D1_peakAdFpre;dk_D1_peakAZpre;dk_D1_peakFpost;dk_D1_peakAdFpost;dk_D1_peakAZpost;dk_D1_1preavgZ;dk_D1_1postavgZ;dk_D1_1preAUCdF;dk_D1_1postAUCdF;dk_D1_3preavgZ;dk_D1_3postavgZ;dk_D1_3preAUCdF;dk_D1_3postAUCdF;dk_D1_5preavgZ;dk_D1_5postavgZ;dk_D1_5preAUCdF;dk_D1_5postAUCdf;D1_ND1_peakFpre;D1_ND1_peakAdFpre;D1_ND1_peakAZpre;D1_ND1_peakFpost;D1_ND1_peakAdFpost;D1_ND1_peakAZpost;D1_ND1_1preavgZ;D1_ND1_1postavgZ;D1_ND1_1preAUCdF;D1_ND1_1postAUCdF;D1_ND1_3preavgZ;D1_ND1_3postavgZ;D1_ND1_3preAUCdF;D1_ND1_3postAUCdF;D1_ND1_5preavgZ;D1_ND1_5postavgZ;D1_ND1_5preAUCdf;D1_ND1_5postAUCdf;ND1_D2_time;ND1_D2_peakFpre;ND1_D2_peakAdFpre;ND1_D2_peakAZpre;ND1_D2_peakFpost;ND1_D2_peakAdFpost;ND1_D2_peakAZpost;ND1_D2_1preavgZ;ND1_D2_1postavgZ;ND1_D2_1preAUCdF;ND1_D2_1postAUCdF;ND1_D2_3preavgZ;ND1_D2_3postavgZ;ND1_D2_3preAUCdF;ND1_D2_3postAUCdF;ND1_D2_5preavgZ;ND1_D2_5postavgZ;ND1_D2_5preAUCdf;ND1_D2_5postAUCdf;D1_ND1_time
0;AD21R;2;SA;23;AD21R_2;AD21R_rat_2_SA_j23;SA;(2400.0, 3300.0);no ND2;(0, 2400.0);(3300.0, 4506.005);158.0;11.0;169.0;19.0;26.0;;2.0;0.0;28.0;0.0;0.0;0.0;0.0;12.0;7.0;0.0;3300.0;2400.0;;19.769;56.713;19.769;2.027;;2.027;119.814;439.538;119.814;;;;130.074;10.361;7.0;19.0;12.0;0.462;0.0;;;;;0.0;0.001;;;;;;;;;;;;;;;;;;;2.2;0.017955045994374193;1.7169702470369879;2.2;0.022894881461101815;2.1893935535307087;-3.514638429151361e-17;1.4699058297927674;-0.003981988125944464;0.008449200882954195;3.5156045199785056e-17;1.0802241745906518;-0.00939967863237682;0.016823782623647872;3.7501843220061363e-17;0.5556223783986077;-0.011222684017213425;0.012350660040294168;3300.0;1.0;0.02831954516687018;2.304377979136421;2.3;0.02533888221276037;2.061804947739541;-4.686184572201815e-17;1.1306850467163658;0.0017117704700693552;0.014086771977653421;-1.2499927182145798e-16;0.11668216302458531;0.02079375489186752;0.024546688850640746;0.0;0.059669064690174106;0.0243629691724438;0.027592644121913246;2400.0
1;AD21R;2;SA;42;AD21R_2;AD21R_rat_2_SA_j42;SA;(2400.0, 3300.005);(5700.008, 8546.632);(0, 2400.0);(3300.005, 5700.008);404.0;53.0;457.0;31.0;145.0;80.0;2.0;5.0;147.0;85.0;8.0;0.0;8.0;12.0;14.0;0.0;3300.005;2400.0;5700.008;34.672;54.729;34.672;10.429;39.054;10.429;9.295;176.198;9.295;71.456;80.041;71.456;118.566;16.513;75.0;70.0;-5.0;-0.034;0.0;41.0;39.0;-2.0;-0.025;0.0;10.0;;;;1.9;0.015039586310550386;1.254330949886113;2.331559428252995e-17;0.002240723320298868;-0.0029106336718802022;-0.002881508975233211;-5.060014004317339e-17;-0.4711900408593511;-0.006226236451547246;-0.01679250427450857;-9.355401392496382e-17;-0.4195869157558671;-0.0046003602461850744;-0.02229696364773183;1.9;0.024072907121492026;2.2715046239908534;3.0;0.01993911584512154;1.8814015953764314;-1.1715461430504538e-17;0.5635896784640778;-0.0010629416845099051;0.00351247329965995;3.1249817955364495e-17;0.14283407140159368;0.00836819125015178;0.01191477754693869;1.5000737288024545e-16;-0.1286860120777353;0.020341951959454582;0.014872066707984157;3300.005;2.0;0.019851848984989456;1.6080272141747245;2.2;0.03739835955563664;3.0295457474226173;4.6900510611227736e-17;2.3423393227972213;0.00026735548587858047;0.0247523400692635;0.0;2.63942947277925;-0.0018719923887485388;0.06428428931701816;-3.7508029601324984e-17;1.949918438222316;0.005052564380451823;0.0873305176230803;2400.0
2;AD21R;2;SA;51;AD21R_2;AD21R_rat_2_SA_j51;SA;(2400.0, 3300.0);(5700.002, 6600.002);(0, 2400.0);(3300.0, 5700.002);271.0;11.0;282.0;31.0;39.0;42.0;2.0;1.0;41.0;43.0;0.0;0.0;0.0;8.0;12.0;0.0;3300.0;2400.0;5700.002;351.402;769.836;351.402;9.583;25.868;9.583;132.313;157.181;132.313;266.903;452.892;266.903;1057.221;13.379;23.0;16.0;-7.0;-0.179;0.0;9.0;33.0;24.0;0.571;0.0;10.0;;;;1.5;0.014580631512326506;1.739334448759305;4.66311885650599e-17;0.5688732650462875;-0.002209917522736919;0.0006085687385350752;-7.776117491218607e-18;0.11691398665702676;-0.00892060967180212;-0.0069895674329110286;0.0;0.07015159731247597;-0.018823466631630068;-0.016858219477345553;1.2;0.011777515130398339;1.425185284604385;1.3;0.020516864472228037;2.482957688437869;1.4058553716605444e-16;1.5965015817326382;-0.005152879212066821;0.0034017868985777755;-6.249963591072899e-17;0.9830710146134648;-0.011403950460208413;0.007720248483690402;-1.0313006885516875e-16;1.2543951713084243;-0.020120778952651214;0.02002195775711036;3300.0;2.3;0.016594250003187597;1.5932064585480619;1.8;0.03229544228269968;3.100646508278523;-1.6401646002706352e-16;1.2822393444446292;0.008930476209903159;0.018744559587823874;-9.374945386609349e-17;1.8743508037473666;0.007541332872448189;0.05412349199689439;-7.500368644012273e-17;1.8366187988194949;0.004429896680412304;0.07812239356042286;2400.0
3;AK20R;3;SA;17;AK20R_3;AK20R_rat_3_SA_j17;SA;(2400.002, 3300.007);no ND2;(0, 2400.002);(3300.007, 4506.058);61.0;16.0;77.0;7.0;22.0;;13.0;0.0;35.0;0.0;1.0;0.0;1.0;4.0;3.0;0.0;3300.007;2400.002;;43.359;15.929;15.929;210.771;;210.771;1.499;157.406;1.499;;;;175.828;219.542;4.0;18.0;14.0;0.636;0.0;;;;;0.0;0.053;;;;;;;;;;;;;;;;;;;2.6;0.013014289975054895;1.7448167923574684;1.2;0.01342052241995542;1.7992758377633062;0.0;1.4296930818534164;-0.0050384648475258476;0.0003956920721590509;1.3671795355471966e-16;0.8544639224285611;-0.014090184010062961;-0.00353798269518155;0.0;0.22977607022396435;-0.006904901240605502;0.0002501798472761465;3300.007;;;;;;;;;;;;;;;;;;;2400.002
4;AK20R;3;SA;18;AK20R_3;AK20R_rat_3_SA_j18;SA;(2400.006, 3300.027);no ND2;(0, 2400.006);(3300.027, 4506.054);47.0;6.0;53.0;5.0;15.0;;1.0;0.0;16.0;0.0;1.0;1.0;2.0;2.0;3.0;0.0;3300.027;2400.006;;162.681;29.745;29.745;48.511;;48.511;55.205;39.599;39.599;;;;340.803;62.858;2.0;13.0;11.0;0.733;0.0;;;;;0.0;0.0;;;;;;;;;;;;;;;;;;;;;;;;;;;;;;;;;;;;;3300.027;;;;;;;;;;;;;;;;;;;2400.006
5;AK20R;4;SA;16;AK20R_4;AK20R_rat_4_SA_j16;SA;(2400.0, 3300.0);no ND2;(0, 2400.0);(3300.0, 4506.028);67.0;5.0;72.0;13.0;0.0;;0.0;0.0;0.0;0.0;0.0;0.0;0.0;9.0;4.0;0.0;3300.0;2400.0;;302.942;53.057;53.057;19.457;;19.457;;;;;;;602.904;23.204;0.0;0.0;0.0;;0.0;;;;;0.0;0.0;;;;;;;;;;;;;;;;;;;;;;;;;;;;;;;;;;;;;3300.0;;;;;;;;;;;;;;;;;;;2400.0
6;AK20R;4;SA;17;AK20R_4;AK20R_rat_4_SA_j17;SA;(2400.002, 3300.007);no ND2;(0, 2400.002);(3300.007, 4506.058);61.0;16.0;77.0;7.0;22.0;;13.0;0.0;35.0;0.0;1.0;0.0;1.0;4.0;3.0;0.0;3300.007;2400.002;;43.359;15.929;15.929;210.771;;210.771;1.499;157.406;1.499;;;;175.828;219.542;4.0;18.0;14.0;0.636;0.0;;;;;0.0;0.053;;;;;;;;;;;;;;;;;;;1.8;0.015056717112309694;2.4853657619859635;3.6;0.015051350203543458;2.484479868126063;4.6900510611227736e-17;0.6736146586281706;0.0001594634229933238;0.0026295689416934356;0.0;0.7059434869150873;0.005194721377271691;0.014288300217600818;2.813102220099374e-17;0.9614271426939758;0.01067650948070893;0.03260112012127542;3300.007;;;;;;;;;;;;;;;;;;;2400.002
7;AL21R;12;NCIBSL;36;AL21R_12;AL21R_rat_12_NCIBSL_j36;SA;(2400.001, 3300.005);no ND2;(0, 2400.001);(3300.005, 3361.576);273.0;29.0;302.0;11.0;158.0;;3.0;0.0;161.0;0.0;0.0;0.0;0.0;10.0;1.0;0.0;3300.005;2400.001;;13.829;33.73;13.829;0.306;17.34;0.306;66.061;330.981;66.061;;;;56.375;8.771;20.0;138.0;118.0;0.747;1.0;;;;;0.0;0.084;;;;;;;;;;;;;;;;;;;3.1;0.019588749052984106;1.7564235846850975;3.0;0.018379254770495276;1.6479679832621423;3.514638429151361e-17;-0.07868726981057884;0.0026446964722824846;0.0020051627546435183;3.1249817955364495e-17;-0.24077710809143368;0.006014772370247949;0.00019402524465614318;0.0;-0.3353856382073771;0.01821994716695083;0.004106931941358307;3300.005;;;;;;;;;;;;;;;;;;;2400.001
8;AL21R;12;NDPre20;31;AL21R_12;AL21R_rat_12_NDPre20_j31;ND;(20.002, 900.0);(3300.001, 4200.001);(0, 20.002);(900.0, 3300.001);525.0;57.0;582.0;11.0;74.0;341.0;28.0;12.0;102.0;353.0;1.0;3.0;4.0;0.0;11.0;0.0;900.0;20.002;3300.001;;7.801;7.801;19.777;16.062;16.062;33.626;48.318;33.626;34.435;240.872;34.435;;25.684;24.0;50.0;26.0;0.351;0.0;80.0;261.0;181.0;0.531;1.0;10.0;;;;2.0;0.023700224678414095;2.122444697248719;0.0;1.469155464593738;0.0004783585663933658;0.013208237250917772;4.665670494731164e-17;0.30503581120390055;0.012130286866091597;0.020632475374481728;1.8698493046318426e-17;-0.0263026218806684;0.017866499350110865;0.016613804493282088;1.8;0.020394952890221602;2.193501339192676;2.7;0.020848336868675703;2.2422634373784662;5.862563826403467e-18;0.310948244422195;0.0025827041309755727;0.004841445535114429;-4.68876152275018e-17;0.08173081559535222;0.005641001950235027;0.007625288330752203;9.377007400331246e-18;0.13586677622172894;0.007930826848675441;0.013419544913280724;4200.001;3.5;0.015079413440585207;1.453489013364983;2.1;0.02103499407945276;2.0276022461387715;-2.331559428252995e-17;0.7694658223192802;-0.004214372823840498;0.0023736648322812606;3.1087459043373265e-17;0.7848267617161143;-0.004736350544282768;0.015368497163801483;-9.32623771301198e-18;0.6525896724660131;-0.008865305341810643;0.018931846344861256;3300.001
9;AL21R;12;NDPre;28;AL21R_12;AL21R_rat_12_NDPre_j28;ND;(10.005, 900.003);(3300.003, 4200.162);(0, 10.005);(900.003, 3300.003);407.0;55.0;462.0;12.0;77.0;187.0;23.0;14.0;100.0;201.0;1.0;0.0;1.0;0.0;12.0;0.0;900.003;10.005;3300.003;;;;9.14;56.575;9.14;35.54;181.682;35.54;108.439;211.664;108.439;;35.744;32.0;45.0;13.0;0.169;0.0;40.0;147.0;107.0;0.572;1.0;900.003;1.9;0.0138558415314528;1.302862287629308;2.9;0.021863472630135498;2.055806021128487;5.857730715252269e-18;0.8421779408703487;-0.002544259886572455;0.00624398915559016;-4.6874726933046743e-17;1.173264480206404;-0.014153389919408586;0.017839309233751804;-1.8750921610030682e-17;1.0388720183526559;-0.018252541782865415;0.027107867746204082;2.1;0.013179238601927979;1.509535967245122;1.4;0.015338088134409846;1.756826154958018;-2.3450255305613868e-17;0.42060310267595036;-0.002486699980356096;0.00038572862354630953;-3.125841015166787e-17;0.24664808063570814;-0.0048464226192585814;0.0006106027694968395;5.626204440198748e-17;-0.1109845408438099;-0.007917732743548744;-0.011894506721501068;4200.162;;;;;;;;;;;;;;;;;;;3300.003
10;AL21R;12;SA;24;AL21R_12;AL21R_rat_12_SA_j24;SA;(2400.0, 3300.0);(5700.0, 6600.003);(0, 2400.0);(3300.0, 5700.0);948.0;6.0;954.0;35.0;239.0;386.0;0.0;0.0;239.0;386.0;11.0;0.0;11.0;15.0;10.0;0.0;3300.0;2400.0;5700.0;35.972;61.851;35.972;2.209;;2.209;16.001;;16.001;6.155;;6.155;78.845;21.582;27.0;212.0;185.0;0.774;1.0;98.0;288.0;190.0;0.492;0.0;10.0;;;;2.3;0.007880362098886788;1.1198917219542799;-8.160457998885482e-17;-0.39157073527990927;-0.005419695504739144;-0.008092133179421764;2.0417894705750005e-16;0.3017968504141662;-0.02002468048484606;-0.013619670039324003;1.5896333617926241e-16;0.349613469126427;-0.032793317536267;-0.02131859087783982;1.7;0.013333919092511469;2.2108129258734683;2.7;0.011867805392876248;1.9677272945869333;-2.3450255305613868e-17;-0.293016554786002;0.0005470415717123327;-0.000794310372949893;-1.5629205075833934e-17;-0.3245875000121085;0.0035280331921227065;-0.0013798912006247686;-9.377007400331246e-18;-0.19096365643419486;0.000806168506497506;-0.004287270387058832;3300.0;2.9;0.01697624081619628;2.28433248665204;1.8;0.02005826802626852;2.699027565597688;3.51753829584208e-17;-0.09206174521345245;0.004215882479154909;0.0037226780553825337;-6.251682030333574e-17;-0.3815675682052594;0.02608750199746642;0.018844121963243442;7.501605920264997e-17;-0.3724079041570708;0.03526940324163447;0.023401481676092694;2400.0
11;AL21R;2;NCIBSL;38;AL21R_2;AL21R_rat_2_NCIBSL_j38;SA;(2400.009, 3300.009);(5700.009, 6600.009);(0, 2400.009);(3300.009, 5700.009);266.0;12.0;278.0;28.0;50.0;63.0;3.0;5.0;53.0;68.0;0.0;0.0;0.0;10.0;9.0;0.0;3300.009;2400.009;5700.009;7.0;41.652;7.0;6.021;;6.021;117.308;176.669;117.308;72.996;185.063;72.996;205.072;15.487;20.0;30.0;10.0;0.2;0.0;22.0;41.0;19.0;0.302;0.0;0.066;;;;;;;;;;;;;;;;;;;1.5;0.01905969105197439;2.0354315135144776;2.0;0.022452836984323432;2.3978003172436404;-9.380102122245547e-17;1.365249911491601;-0.004678974029625817;0.005577618986523015;-1.5629205075833934e-17;0.9073021864843931;-0.0056499075274750645;0.01486585493813256;1.8754014800662492e-17;0.5611181874511656;-0.0035361009846873403;0.01787798676792363;3300.009;1.4;0.019650210162191383;2.098495616212944;;;;;;0.0;-0.0010648412469893007;;;0.0;-0.004675137750394796;;;0.0;-0.004280175997784103;2400.009
12;AL21R;2;NDPre20;36;AL21R_2;AL21R_rat_2_NDPre20_j36;ND;(20.0, 900.0);(3300.007, 4200.01);(0, 20.0);(900.0, 3300.007);188.0;23.0;211.0;12.0;37.0;82.0;15.0;5.0;52.0;87.0;2.0;2.0;4.0;0.0;12.0;0.0;900.0;20.0;3300.007;;;;14.732;26.361;14.732;29.209;11.407;11.407;171.156;402.327;171.156;;80.497;11.0;26.0;15.0;0.405;0.0;35.0;47.0;12.0;0.146;0.0;10.0;;;;2.0;0.02181969519861748;2.061828128573082;-2.3430922861009075e-17;0.5853301219745931;0.00571028282879546;0.010653467413346766;3.125841015166787e-17;0.23792910709769152;0.007604117279068087;0.013948529654865998;-4.688503700165623e-17;0.22150065805260555;0.002507473622264552;0.01338482529115105;2.2;0.012804310459340234;1.509814134498008;1.8;0.01833918199973877;2.162547309390594;-8.7938457396052e-18;0.979006526163169;-0.00376156210050721;0.0028927361305836775;6.251682030333574e-17;1.0872279456956155;-0.010030472762426197;0.012661127310004652;-9.377007400331246e-18;0.8297960460708309;-0.017394199562819634;0.012655472964639676;4200.01;1.1;0.023185429333438156;2.2749786429616994;1.9;0.028246211536656535;2.7714961119592973;-2.331559428252995e-17;1.7589266473743561;0.0012736083787173455;0.016702833265059128;-3.1087459043373265e-17;1.1943200635148001;0.005167485178340009;0.030661828141292577;7.460990170409584e-17;0.6033679888309609;0.0190212897203159;0.04476023473117641;3300.007
13;AL21R;2;NDPre;29;AL21R_2;AL21R_rat_2_NDPre_j29;ND;(10.002, 900.001);(3300.004, 4200.06);(0, 10.002);(900.001, 3300.004);229.0;16.0;245.0;13.0;32.0;122.0;15.0;1.0;47.0;123.0;3.0;3.0;6.0;0.0;13.0;0.0;900.001;10.002;3300.004;;;;9.037;;9.037;21.25;38.964;21.25;47.914;406.064;47.914;;19.948;19.0;13.0;-6.0;-0.188;0.0;60.0;62.0;2.0;0.016;0.0;900.001;2.8;0.026954207564156552;2.2191808001278965;3.1;0.027382296905958513;2.2544269469521008;-2.3450255305613868e-17;1.4582796470905661;0.004752690324097079;0.016677741015488343;-3.125841015166787e-17;1.3024166560492745;0.00887374569334488;0.04037934240069872;1.8754014800662492e-17;0.7529441395713967;0.02785891960209771;0.06237063494771057;2.5;0.012533071409355778;1.5608352062707653;1.8;0.020893528193953147;2.6021686289484984;-4.100411500676588e-17;-0.07252358115064016;-0.005144556736935749;-0.0056236983063724846;0.0;0.40635183029018956;-0.008586449100605515;-0.00042845308112865823;-3.7501843220061363e-17;0.19667707272550947;-0.008193679164762043;-0.0010945431601838938;4200.06;;;;;;;;;;;;;;;;;;;3300.004
14;AL21R;3;NCIBSL;37;AL21R_3;AL21R_rat_3_NCIBSL_j37;SA;(2400.0, 3300.0);(5700.0, 6600.0);(0, 2400.0);(3300.0, 5700.0);177.0;14.0;191.0;19.0;45.0;18.0;1.0;3.0;46.0;21.0;0.0;0.0;0.0;8.0;5.0;0.0;3300.0;2400.0;5700.0;118.731;23.292;23.292;1.38;;1.38;499.038;896.785;499.038;164.55;289.645;164.55;427.556;4.926;0.0;45.0;45.0;1.0;0.0;5.0;13.0;8.0;0.444;0.0;0.0;;;;;;;;;;;;;;;;;;;2.8;0.01762040057836092;2.1434445532523805;2.0;0.02366270135277252;2.87847323947532;0.0;1.065530821338243;0.004243541900490996;0.009644559263555065;1.5629205075833934e-17;1.0918470358731365;0.006248917382762772;0.029025545418416707;3.281952590115936e-17;0.9021491613106088;0.011146824409842666;0.041750079035962215;3300.0;1.5;0.017768807802806715;2.161497869577239;;;;;;-1.5475375234677006e-05;0.003510925274498209;;;-8.251069897066885e-07;-0.011716802978919487;;;7.206707324273716e-06;-0.014637336570428292;2400.0
15;AL21R;3;NDPre20;32;AL21R_3;AL21R_rat_3_NDPre20_j32;ND;(20.001, 900.003);(3300.005, 4200.008);(0, 20.001);(900.003, 3300.005);116.0;19.0;135.0;10.0;20.0;13.0;13.0;0.0;33.0;13.0;1.0;1.0;2.0;0.0;10.0;0.0;900.003;20.001;3300.005;;;;9.951;26.556;9.951;55.399;12.846;12.846;97.582;;97.582;;73.154;7.0;13.0;6.0;0.3;0.0;1.0;12.0;11.0;0.846;0.0;10.001;;;;2.6000000000000005;0.01444912683982711;1.9196360708407292;-2.331559428252995e-17;0.10560801329362342;0.0006668110051822391;0.0012485474259326056;-1.5590625030391667e-17;0.6029953425736856;-0.003841644931999802;0.007436028553118922;-7.490485107667009e-17;0.5930915617313268;-0.007790589526225862;0.01103122010010893;2.3;0.013213068373036064;2.113524646056867;2.0;0.014558301638275806;2.328711882205547;-1.1715461430504538e-17;0.36344202660357106;-0.0007613296558892113;0.0012835736667480705;-3.125841015166787e-17;0.18370094674285856;0.0032254144176422474;0.006541942472138025;9.375460805015341e-18;-0.005215535288424609;0.003649055011075148;0.0034886269745950213;4200.008;2.5;0.010383788475245258;1.4374219414671787;2.2;0.015471241383039697;2.1417117379815243;9.32623771301198e-17;1.8735206847905117;-0.004675197793213962;0.0051259464998340614;-3.885932380421658e-17;1.2178083580611618;-0.010281206328677652;0.0101145682092649;5.594824691024411e-17;0.9669247674944611;-0.012337601622632538;0.01542015370663141;3300.005
16;AL21R;3;NDPre;28;AL21R_3;AL21R_rat_3_NDPre_j28;ND;(10.003, 900.004);(3300.003, 4200.021);(0, 10.003);(900.004, 3300.003);165.0;31.0;196.0;9.0;9.0;106.0;22.0;6.0;31.0;112.0;0.0;0.0;0.0;0.0;9.0;0.0;900.004;10.003;3300.003;;;;12.295;49.747;12.295;72.133;79.376;72.133;5.304;132.454;5.304;;113.833;7.0;2.0;-5.0;-0.556;0.0;37.0;69.0;32.0;0.302;0.0;900.004;2.1;0.012862471797669835;1.4796772885742049;2.4;0.02406883824960214;2.7688752908199796;4.6900510611227736e-17;0.9745070407872916;0.00021127929881592581;0.007679922624665361;-3.125841015166787e-17;1.641839706846403;-0.005074512639085109;0.03284257418344302;3.7508029601324984e-17;1.4871354383018922;-0.007973977155439516;0.048005182352798194;2.4;0.011140498572521411;1.7781530469672313;2.3;0.016474322267338543;2.6295128462496735;0.0;1.1063812507781585;-0.0035608917693959103;0.0026476328085809427;7.814602537916967e-18;1.0343139153278178;-0.00595985258662146;0.009973049946218044;1.640976295057968e-17;0.9307139914451715;-0.010667779058868718;0.014397323457086518;4200.021;;;;;;;;;;;;;;;;;;;3300.003
17;AL21R;3;SA;23;AL21R_3;AL21R_rat_3_SA_j23;SA;(2400.001, 3300.001);(5700.004, 6600.007);(0, 2400.001);(3300.001, 5700.004);451.0;6.0;457.0;25.0;126.0;159.0;0.0;3.0;126.0;162.0;0.0;0.0;0.0;11.0;7.0;0.0;3300.001;2400.001;5700.004;46.243;103.159;46.243;1.378;;1.378;92.744;;92.744;4.573;600.332;4.573;116.531;9.42;49.0;77.0;28.0;0.222;0.0;46.0;113.0;67.0;0.421;0.0;10.002;;;;3.0999999999999996;0.014293366763081225;1.7644093971228696;-7.029276858302722e-17;0.3137470405264396;0.0008132517647788029;0.003271103853184326;2.34438076137509e-17;-0.03873429598605263;0.004228046433789554;0.0034466928590857807;2.813102220099374e-17;-0.4786801157616253;0.008183766717640303;-0.00755489089092149;2.8;0.011084957502546811;1.591884109910487;2.6;0.013037574761482382;1.8723090789344636;-9.37236914440363e-17;0.09808304017549015;0.0021466239232810496;0.003047529906461094;1.5624908977682248e-17;0.331135757912171;-0.002180021915797572;0.004961721113626431;7.500368644012273e-17;0.49669747093254357;-0.010541489323219232;0.006070722718419892;3300.001;2.6;0.012280098477145963;1.776435327505;2.2;0.01831819686637276;2.6499360210701366;0.0;0.24571616602170115;0.0011967177189963277;0.002566734791695244;-3.1249817955364495e-17;1.0713316483541309;-0.0014052853747781935;0.018129845160939302;-9.375460805015341e-18;0.9722943428250322;-0.002142160346180512;0.02895389334593364;2400.001
18;AL21R;6;NDPre20;34;AL21R_6;AL21R_rat_6_NDPre20_j34;ND;(20.003, 900.003);(3300.003, 4200.006);(0, 20.003);(900.003, 3300.003);332.0;37.0;369.0;12.0;40.0;210.0;10.0;21.0;50.0;231.0;0.0;2.0;2.0;0.0;12.0;0.0;900.003;20.003;3300.003;7.405;;7.405;17.484;12.503;12.503;72.631;21.795;21.795;51.726;289.967;51.726;;24.248;11.0;29.0;18.0;0.45;0.0;75.0;135.0;60.0;0.286;0.0;10.0;;;;1.7;0.02920346256648554;2.7489194477380727;-1.1715461430504537e-16;0.47873229154422375;0.007783846749317562;0.011649435993177651;7.812454488841123e-17;-0.16565164269088162;0.023711772043782733;0.019213683591369362;3.7501843220061363e-17;-0.27099884435481575;0.047296779373615386;0.0345497234218185;1.6;0.02240664663193141;2.327944941573853;1.5;0.0240329958917651;2.4969297784086613;-2.3430922861009075e-17;1.2608951842241494;-0.0001916092299457735;0.008662302450364253;-6.251682030333574e-17;0.41228459266653156;0.005324744114527023;0.014538893880845123;-9.377007400331246e-18;0.25650424261633675;0.01318786863798838;0.022659765271756446;4200.006;2.7;0.011441993779948723;1.0437526111961304;2.4;0.029776350530475684;2.716693227473512;0.0;2.3958552094648686;-0.008073949906037759;0.011042083569678791;9.32623771301198e-17;1.888559579120413;-0.014129891121013488;0.03681195570644042;1.398935656951797e-17;1.8691812752299113;-0.0224058748421105;0.058921267769583195;3300.003
19;AL21R;6;NDPre;28;AL21R_6;AL21R_rat_6_NDPre_j28;ND;(10.0, 900.0);(3300.004, 4200.029);(0, 10.0);(900.0, 3300.004);488.0;31.0;519.0;13.0;46.0;353.0;22.0;7.0;68.0;360.0;5.0;2.0;7.0;0.0;13.0;0.0;900.0;10.0;3300.004;;;;7.965;97.071;7.965;5.496;24.704;5.496;47.849;683.474;47.849;;61.693;19.0;27.0;8.0;0.174;0.0;85.0;268.0;183.0;0.518;1.0;900.0;2.2;0.015474944313748159;1.53101549541822;2.1;0.027993973921162936;2.769553227417932;3.51753829584208e-17;2.925234758901392;-0.008167177248571718;0.017263323048980758;-3.125841015166787e-17;2.805896893798683;-0.020560655725763682;0.038264523824401236;-3.7508029601324984e-17;2.6840582660891954;-0.03663346332796971;0.055464340587312436;1.9;0.016174233521896425;1.810278579384702;1.8;0.021071434402176452;2.358445292837985;2.3450255305613868e-17;-0.5037557203995662;0.0034568161459901194;0.0002473430357329535;3.906227244420562e-18;-0.2806695781990411;0.0064858785087312035;0.0011046389803974536;1.8754014800662492e-17;0.14916052824423456;0.004203531482379248;0.009447421730543706;4200.029;;;;;;;;;;;;;;;;;;;3300.004
20;AL21R;6;SA;24;AL21R_6;AL21R_rat_6_SA_j24;SA;(2400.008, 3300.015);(5700.017, 6600.02);(0, 2400.008);(3300.015, 5700.017);499.0;362.0;861.0;33.0;182.0;13.0;35.0;44.0;217.0;57.0;0.0;3.0;3.0;16.0;9.0;0.0;3300.015;2400.008;5700.017;1.782;158.785;1.782;0.658;24.526;0.658;72.615;2.694;2.694;789.92;198.988;198.988;71.228;19.104;60.0;122.0;62.0;0.341;0.0;0.0;13.0;13.0;1.0;0.0;10.003;;;;2.0;0.024436554189556793;2.420186500349213;8.200823001353176e-17;0.9446085630393367;-0.0026925135224893657;0.007411436607498087;3.1249817955364495e-17;0.7338418398659625;0.005057053648151223;0.02632017341122393;-7.501605920264997e-17;0.2049445362281383;0.026164699414078438;0.036464846704194843;1.1;0.016436787073096763;2.0565106115972616;1.9;0.024447105702232175;3.0588208748482884;-7.029276858302722e-17;1.2729365095525076;-0.004898004639650492;0.0034001815267139367;-7.812454488841124e-18;1.6319105476256166;-0.01226493485906038;0.021722698659520274;-3.7501843220061363e-17;1.532604311011006;-0.01400755789864816;0.0410052941643613;3300.015;2.2;0.015009963611949582;1.6468037841547372;2.7;0.027867111211272527;3.057504200537938;3.514638429151361e-17;1.687292989291111;-0.001425795347923996;0.010499138018890243;6.249963591072899e-17;2.440191434488846;-0.009061025031726393;0.04550549194645589;3.7501843220061363e-17;1.656913536441322;-0.0027396333522596416;0.0652698157442274;2400.008
21;AL21R;8;NCIBSL;39;AL21R_8;AL21R_rat_8_NCIBSL_j39;SA;(2400.001, 3300.004);(5700.004, 6600.004);(0, 2400.001);(3300.004, 5700.004);199.0;6.0;205.0;28.0;26.0;15.0;4.0;1.0;30.0;16.0;0.0;0.0;0.0;9.0;10.0;0.0;3300.004;2400.001;5700.004;57.257;251.227;57.257;14.05;;14.05;292.085;597.565;292.085;129.303;686.728;129.303;191.976;19.957;7.0;19.0;12.0;0.462;0.0;4.0;11.0;7.0;0.467;0.0;0.019;;;;;;;;;;;;;;;;;;;2.0;0.018276663199879205;1.8657978250323535;0.7;0.04029542299579449;4.113592331987539;-4.6900510611227736e-17;1.6518736913986907;-0.0044615460003972615;0.00731522777069245;5.470221776541877e-17;1.0904414708266266;-0.005476398418500229;0.019634980694085456;-4.219653330149061e-17;1.4019189289194862;-0.013749188465653013;0.04344775073677158;3300.004;;;;;;;;;;;;;;;;;;;2400.001
22;AL21R;8;NDPre20;32;AL21R_8;AL21R_rat_8_NDPre20_j32;ND;(20.0, 900.005);(3300.008, 4200.011);(0, 20.0);(900.005, 3300.008);120.0;28.0;148.0;12.0;22.0;14.0;18.0;6.0;40.0;20.0;4.0;2.0;6.0;0.0;12.0;0.0;900.005;20.0;3300.008;;;;13.805;38.072;13.805;1.406;33.214;1.406;491.934;696.277;491.934;;52.62;13.0;9.0;-4.0;-0.182;0.0;0.0;14.0;14.0;1.0;0.0;10.0;;;;2.4;0.024210793861680475;2.914477001350992;-9.37236914440363e-17;-0.07195169946042362;0.007871424116277018;0.007421125426346877;-9.374945386609349e-17;0.19761739450132224;0.01813428828807703;0.022305938208509787;3.7501843220061363e-17;0.027028326869806316;0.024522467772715825;0.02547731466087328;1.5;0.013652150567770364;1.4173471791519812;1.3;0.024454897752607348;2.5386084803881652;-1.1725127652806933e-16;0.3637748227993752;-0.002816759374647857;-0.00038331176852623435;6.251682030333574e-17;0.6635226555942813;-0.015020155586348005;-0.0006802668225461303;-2.813102220099374e-17;0.8867469041189279;-0.021130248437893077;0.012061875570103088;4200.011;3.0;0.03444288433446547;1.7593345598051109;2.9;0.03576169709905133;1.8266946127957868;2.331559428252995e-16;0.6840031923393892;0.01564514901032101;0.021609178304177096;0.0;0.29756432466628185;0.0645366181556695;0.07275303862650165;-2.5180841825132343e-16;0.5014667873377882;0.08584580553993224;0.12075007207088614;3300.008
23;AL21R;8;NDPre;29;AL21R_8;AL21R_rat_8_NDPre_j29;ND;(10.0, 900.0);(3300.001, 4200.022);(0, 10.0);(900.0, 3300.001);149.0;33.0;182.0;10.0;24.0;40.0;8.0;9.0;32.0;49.0;1.0;0.0;1.0;0.0;10.0;0.0;900.0;10.0;3300.001;1.748;;1.748;18.292;8.771;8.771;37.692;80.251;37.692;21.295;122.679;21.295;;164.523;17.0;7.0;-10.0;-0.417;0.0;12.0;28.0;16.0;0.4;0.0;900.0;1.9;0.011607504773236146;1.0686760645521876;1.8;0.02646217995428529;2.436318116843234;9.37236914440363e-17;3.029006492680326;-0.009289661570088044;0.015669681752368027;-2.070869672547996e-16;2.71519871411853;-0.02864123473003976;0.03543548754903404;-3.7501843220061363e-17;1.854800400429663;-0.032455559284347575;0.05353722865912233;1.5;0.03127423603663885;2.503223531492673;2.0;0.03267380769565452;2.6152270434977045;1.874473828880726e-16;0.16819187135364777;0.016581445469025735;0.018843429084109485;-1.5624908977682248e-17;0.24323391893537993;0.04017611585645927;0.048443355344166404;0.0;0.5688738222806907;0.03822488868304698;0.07357087970176007;4200.022;;;;;;;;;;;;;;;;;;;3300.001
24;AL21R;9;NDPre;29;AL21R_9;AL21R_rat_9_NDPre_j29;ND;(10.004, 900.0);(3300.001, 4200.021);(0, 10.004);(900.0, 3300.001);140.0;15.0;155.0;12.0;29.0;34.0;12.0;3.0;41.0;37.0;1.0;3.0;4.0;0.0;12.0;0.0;900.0;10.004;3300.001;;;;8.667;;8.667;7.632;15.293;7.632;115.054;173.732;115.054;;14.994;16.0;13.0;-3.0;-0.103;0.0;1.0;33.0;32.0;0.941;0.0;900.0;1.5;0.012836654522346162;0.9582286790712767;2.9;0.03864017247659753;2.884582756418011;-2.3430922861009075e-17;4.059432222535347;-0.0038497214415039284;0.027234451427266264;6.249963591072899e-17;3.2181613031555827;-0.019860622223231844;0.06444832418201747;1.5000737288024545e-16;2.7838584712207344;-0.04484179419037091;0.08657858583950445;1.2;0.024886377066326407;2.2211849853006407;2.5;0.03415755327722194;3.0486629551347977;0.0;1.8401279538408322;0.0020632160769866515;0.020752428750708228;-3.125841015166787e-17;1.0777359788610479;0.013025943898751398;0.04230269386895455;3.7508029601324984e-17;0.670847959683037;0.026290085450552583;0.05849652055517508;4200.021;;;;;;;;;;;;;;;;;;;3300.001
25;AL21R;9;SA;22;AL21R_9;AL21R_rat_9_SA_j22;SA;(2400.003, 3300.003);(5700.003, 6600.004);(0, 2400.003);(3300.003, 5700.003);219.0;15.0;234.0;28.0;31.0;22.0;5.0;2.0;36.0;24.0;0.0;0.0;0.0;10.0;8.0;0.0;3300.003;2400.003;5700.003;39.852;13.427;13.427;10.786;;10.786;120.764;122.319;120.764;280.904;849.497;280.904;254.605;16.81;18.0;13.0;-5.0;-0.161;0.0;1.0;21.0;20.0;0.909;0.0;10.003;;;;1.2;0.03023488604839775;2.738078127844469;2.3450255305613868e-17;-0.09024229872958624;0.0036459247745838667;0.00308988551475837;-3.125841015166787e-17;-0.1838006903282123;0.022835237956533985;0.017513338400914878;-7.501605920264997e-17;-0.0493823831329757;0.03196343847241415;0.02968303458991354;2.8;0.014809984433809445;1.55049149642068;1.5;0.019192496013814276;2.0093680991662124;-2.3450255305613868e-17;0.6160266336874576;0.0028679909937274766;0.007020305443110769;-8.596062791708663e-17;0.2669299534810627;0.009419820771331777;0.015893338535166297;-3.7508029601324984e-17;0.20211603810378206;-0.0010255442113786763;0.007764153423643994;3300.003;2.1;0.022269445149951658;1.6775576432490138;1.6;0.04586541060272088;3.4553331513280114;7.029276858302722e-17;4.3991439118069495;-0.004340248808687791;0.03170558415247603;-7.812454488841124e-18;3.7727809288124656;-0.012575816715943773;0.08516744140619896;0.0;3.0901879289669973;-0.0167423790096992;0.12206727321546076;2400.003
26;AL21R;9;SA;26;AL21R_9;AL21R_rat_9_SA_j26;SA;(2400.001, 3300.003);(5700.006, 6600.009);(0, 2400.001);(3300.003, 5700.006);258.0;14.0;272.0;33.0;54.0;18.0;9.0;2.0;63.0;20.0;0.0;0.0;0.0;12.0;11.0;0.0;3300.003;2400.001;5700.006;43.344;91.845;43.344;1.156;6.155;1.156;169.885;301.388;169.885;167.097;771.618;167.097;116.644;5.194;13.0;41.0;28.0;0.519;0.0;1.0;17.0;16.0;0.889;0.0;10.0;;;;2.1;0.028242846474127083;2.4750868428846635;9.37236914440363e-17;0.2165216518609005;0.001713202294486709;0.004077914905940185;1.5624908977682248e-17;0.6959772241248947;0.00524258630112911;0.024408253614457285;0.0;0.2427093013866614;0.018092664119909917;0.030457517765905506;2.0;0.01792223257968433;1.6098192138122713;3.7;0.024894379956409144;2.2361664502784366;7.03507659168416e-17;1.9324123906461608;0.002687688926276628;0.022925282435203462;-3.125841015166787e-17;1.4585473558875133;0.0034106173758872466;0.04506850100111424;-3.7508029601324984e-17;1.0892576561181724;-0.0150203295862245;0.04105361731511005;3300.003;2.6;0.016173218409561235;1.3277764577147737;2.0;0.035264896427123285;2.8954352208752105;0.0;1.888729848011275;-0.0025810883257631357;0.018690126602819407;1.1718681733261686e-17;2.0798640223762987;-0.008326699060662393;0.05941322631482666;-5.625276483009205e-17;1.9183603629325985;-0.02674071532326411;0.07803462062037902;2400.001
27;AS21R;10;SA1;22;AS21R_10;AS21R_rat_10_SA1_j22;SA;(2400.001, 3300.001);(5700.003, 6600.007);(0, 2400.001);(3300.001, 5700.003);147.0;9.0;156.0;26.0;0.0;2.0;1.0;2.0;1.0;4.0;0.0;0.0;0.0;9.0;7.0;0.0;3300.001;2400.001;5700.003;32.307;172.102;32.307;103.514;;103.514;;761.454;761.454;762.578;627.419;627.419;437.533;111.059;0.0;0.0;0.0;;0.0;0.0;2.0;2.0;1.0;0.0;10.002;;;;1.9999999999999996;0.03203080789316983;2.86323284543987;-6.994678284758985e-17;1.458330317644964;-0.003682842822495023;0.010165047735477654;0.0;0.9594178239125846;-0.009546536802815581;0.01771093927088872;0.0;0.34454911896698975;0.0004956040797369134;0.019855201975858976;2.3;0.01730982724884061;1.4930148300343182;2.5;0.01925637141590851;1.6609347108938368;9.37236914440363e-17;0.904401723092204;-0.004322084998731738;0.0037408884825547353;-1.328117263102991e-16;0.9023786464407243;-0.015682757312970814;0.007667571089130554;4.6877304025076705e-17;0.4521040294755185;-0.02169442243640061;-0.0018835868653359605;3300.001;2.0;0.017235688767536794;1.5934278174482521;2.8;0.03227100445415504;2.9837367395212673;9.37236914440363e-17;3.2202769150171924;-0.0011227334368502143;0.026460483064659247;3.1249817955364495e-17;2.3360487802942407;-0.0019461255115174163;0.05675123891595988;-4.6877304025076704e-18;1.6191075301158235;-0.0016559061430035194;0.06522007567635836;2400.001
28;AS21R;11;BSL;42;AS21R_11;AS21R_rat_11_BSL_j42;SA;(2400.001, 3300.0);no ND2;(0, 2400.001);no D2;1846.0;6.0;1852.0;26.0;1000.0;;0.0;0.0;1000.0;0.0;0.0;0.0;0.0;26.0;;0.0;;2400.001;;18.015;240.135;18.015;;;;183.458;;183.458;;;;34.431;;259.0;741.0;482.0;0.482;0.0;;;;;0.0;0.082;;;;;;;;;;;;;;;;;;;2.1;0.022198938155408392;2.4653296522429153;2.9;0.022249370112014433;2.470930682395952;-1.7573192145756806e-17;-0.49589378677772544;0.004291026077647321;0.00044667831452468754;-2.3437363466523372e-17;0.010995748832041996;0.00970537492097108;0.009981634610574597;-1.8750921610030682e-17;0.11821867957417409;0.015612274271053111;0.02057703267781408;3300.0;1.6;0.0147355293436913;1.6364350264521081;;;;;;-5.517243468790373e-06;-0.0009461631435961929;0.0;7.436770116632036;-2.112602828687404e-05;-0.013377885925564086;;;-1.981173751404007e-06;-0.02507083399593954;2400.001
29;AS21R;11;BSL;45;AS21R_11;AS21R_rat_11_BSL_j45;SA;(2400.01, 3300.01);no ND2;(0, 2400.01);(3300.01, 3306.977);2087.0;45.0;2132.0;27.0;915.0;;0.0;0.0;915.0;0.0;31.0;0.0;31.0;26.0;1.0;0.0;3300.01;2400.01;;4.247;270.261;4.247;0.008;;0.008;42.615;;42.615;;;;22.855;3.468;594.0;321.0;-273.0;-0.298;0.0;;;;;0.0;0.095;;;;;;;;;;;;;;;;;;;2.0;0.020266299026360027;2.568467691672816;2.1;0.018997863826546384;2.407700100241761;2.3450255305613868e-17;0.20181692752640798;0.002222551246926435;0.0035661693617120038;-3.125841015166787e-17;0.036915356676376083;0.011393784252950118;0.01219011780696681;-9.377007400331246e-18;0.06759817847939638;0.01691288787221923;0.019299144386969485;3300.01;3.0;0.012789659100948392;1.6208423080645036;;;;;;0.0;-0.002768547209767686;;;0.0;-0.002081189697475289;;;0.0;-0.006044611361682131;2400.01
30;AS21R;11;SA1;;AS21R_11;AS21R_rat_11_SA1;SA;(2400.006, 3300.014);(5700.016, 6600.019);(0, 2400.006);(3300.014, 5700.016);115.0;9.0;124.0;17.0;8.0;0.0;2.0;0.0;10.0;0.0;0.0;0.0;0.0;7.0;4.0;0.0;3300.014;2400.006;5700.016;605.17;491.431;491.431;26.082;;26.082;255.447;72.553;72.553;;;;707.24;29.414;6.0;2.0;-4.0;-0.5;0.0;0.0;0.0;0.0;;0.0;10.006;;;;2.6;0.0243916073510795;2.385792196883093;0.0;-1.0000402732922646;0.004785091752630411;-0.003336694987592197;-1.1117468003932394e-16;0.13852507564282762;0.01730022146560894;0.020573921774364505;3.7470941899016487e-17;0.257343791617431;0.01749110562061894;0.028966746978416006;2.0;0.025388018422299607;2.5791469412028434;2.0;0.017577714679517277;1.7856281924336677;-4.686184572201815e-17;-0.2692179127496632;-0.0028902650091800837;-0.00471654561402151;-3.1249817955364495e-17;-0.5113420186303195;0.01496912680617228;-0.00065463993021844;0.0;-0.6542505454631052;0.030173528385778886;-0.0024505764894602305;3300.014;1.7;0.01367846647223607;1.3386985168441399;1.8;0.03045870339291022;2.9811798006991364;-4.6900510611227736e-17;1.5844880324893305;-0.007373228472239463;0.009101669352034311;-7.814602537916967e-17;2.2226578760797016;-0.02358754703934935;0.0407662908266853;-7.501605920264997e-17;2.1642690371762043;-0.038685095231289934;0.05679002269724363;2400.006
31;AS21R;11;SA3;29;AS21R_11;AS21R_rat_11_SA3_j29;SA;(2400.006, 3300.013);(5700.015, 6600.018);(0, 2400.006);(3300.013, 5700.015);193.0;21.0;214.0;22.0;50.0;24.0;13.0;3.0;63.0;27.0;0.0;0.0;0.0;8.0;7.0;0.0;3300.013;2400.006;5700.015;35.775;326.306;35.775;21.752;;21.752;330.345;235.172;235.172;370.565;299.488;299.488;99.117;25.345;22.0;28.0;6.0;0.12;0.0;0.0;24.0;24.0;1.0;0.0;10.005;;;;3.0999999999999996;0.02315028739689708;2.131153658568785;2.3392353440661734e-17;0.7083444222152094;0.004119138751651933;0.010100455518338172;-2.14724453114316e-17;0.5508058438793404;0.005867286802606283;0.01971167843063878;2.3430922861009075e-17;0.5179038659052351;0.008173054904435696;0.03026818185310371;3.2;0.014731118717358774;1.783092656408226;2.8;0.019925080229426663;2.4118008605980807;-7.029276858302722e-17;0.5734518374777463;0.0032283849262809694;0.007404955377526245;-6.249963591072899e-17;1.1404433139093872;0.0009613606185868306;0.024407419462192922;9.375460805015341e-18;0.8745501746904073;0.0059097352475409376;0.037305089370579136;3300.013;2.5;0.010845936254075152;1.1337863750679444;2.1;0.022531592126983774;2.355683804658986;1.4058553716605444e-16;1.2911625894984409;-0.013013884722803343;-0.002581057376555058;-1.328117263102991e-16;1.5942888644822713;-0.03272150758970293;0.004586015111693938;-1.7813375529529148e-16;1.494698942343544;-0.0516210975065587;0.010517504026081778;2400.006
32;AS21R;11;SA4;;AS21R_11;AS21R_rat_11_SA4;SA;(2400.001, 3300.002);(5700.005, 6600.008);(0, 2400.001);(3300.002, 5700.005);271.0;13.0;284.0;19.0;112.0;58.0;1.0;3.0;113.0;61.0;0.0;0.0;0.0;7.0;6.0;0.0;3300.002;2400.001;5700.005;34.451;11.136;11.136;25.142;;25.142;287.114;449.897;287.114;333.522;341.759;333.522;67.941;29.368;38.0;74.0;36.0;0.321;0.0;3.0;55.0;52.0;0.897;1.0;10.002;;;;1.3999999999999997;0.033557761156359694;2.4934586211979948;1.407015318336832e-16;0.4033250131181199;0.012179471924336254;0.015447782478944589;1.3284824314458843e-16;-0.27619934072305136;0.0409050338512662;0.03304964455248353;3.7508029601324984e-17;-0.42729797869374375;0.0816162068799512;0.059973383890159264;2.3;0.03045563602093224;2.801397181659572;2.1;0.025052883996403607;2.3044495703100005;-9.37236914440363e-17;0.31458860131643857;0.00100598994180689;0.004570168302847849;-3.1249817955364495e-17;0.0013666689980320558;0.019759119362921282;0.01980805599402027;-5.625276483009205e-17;-0.11507318637250626;0.03826008170207436;0.03179183071474224;3300.002;2.7;0.0278200154319398;2.3339766636245844;2.2;0.03160194568766211;2.651262567610174;0.0;0.6575389731842206;0.004946858053700524;0.011181206177923397;0.0;0.8695997376047068;0.011003478987712055;0.0363464055252532;1.1252408880397495e-16;0.36294426079190184;0.040061786037074075;0.06080828882003536;2400.001
33;AS21R;11;SA5;33;AS21R_11;AS21R_rat_11_SA5_j33;SA;(2400.007, 3300.015);(5700.017, 6600.02);(0, 2400.007);(3300.015, 5700.017);126.0;65.0;191.0;24.0;2.0;0.0;13.0;0.0;15.0;0.0;0.0;0.0;0.0;8.0;8.0;0.0;3300.015;2400.007;5700.017;30.564;121.123;30.564;20.721;1026.706;20.721;895.703;185.964;185.964;;;;54.519;24.158;0.0;2.0;2.0;1.0;0.0;0.0;0.0;0.0;;0.0;10.002;;;;0.7999999999999998;0.037504841832363175;3.184066839141397;-3.748947657761452e-16;-0.3303151748879751;0.013976091231471751;0.011393527385844232;-3.1249817955364495e-17;-0.7999473423159665;0.05301942597150002;0.032376912150958476;-1.5003211840529994e-16;-0.8219012849447083;0.0908438600542207;0.05641701003059093;2.1;0.016922483110836564;2.2778575957101634;2.8;0.016188724363084186;2.179078645857667;-2.3430922861009075e-17;-0.42243616238447623;0.002745477721245287;0.00020902133699843533;0.0;-0.09224029653581489;0.009932918320636325;0.008064727451683231;-5.625276483009205e-17;0.017064701915294536;0.011814927932460483;0.012433537828352475;3300.015;1.9;0.024185896830324488;2.1264403400864587;1.7;0.026704200475980294;2.3478413466404424;7.03507659168416e-17;0.320037913062928;0.002416643704428274;0.005351391879164522;4.68876152275018e-17;0.6572755029827386;0.010318003255304513;0.03021431773623292;-8.439306660298122e-17;0.6315226668105486;0.01642451991392852;0.0463450974302333;2400.007
34;AS21R;11;SA6;36;AS21R_11;AS21R_rat_11_SA6_j36;SA;(2400.0, 3300.003);(5700.002, 6600.002);(0, 2400.0);(3300.003, 5700.002);722.0;40.0;762.0;29.0;77.0;345.0;7.0;24.0;84.0;369.0;0.0;0.0;0.0;12.0;9.0;0.0;3300.003;2400.0;5700.002;7.375;47.994;7.375;4.517;;4.517;499.31;630.107;499.31;40.619;323.187;40.619;71.028;8.81;0.0;77.0;77.0;1.0;1.0;168.0;177.0;9.0;0.026;0.0;10.0;;;;2.1;0.034148194800707965;2.2143600064282363;-7.029276858302722e-17;1.173576072330076;0.004566792846049566;0.013743495498900155;0.0;0.22665958115174673;0.03887368716296156;0.045556687139495795;0.0;0.1224524360258308;0.0778552428207847;0.083987846919912;2.8;0.01798274732971235;1.9879348561863706;2.9;0.01313344304317126;1.451808244252938;-4.686184572201815e-17;0.411774090016427;-0.0032593723663649986;-2.5758404719493345e-05;-2.7343590710943932e-17;0.4243915732671347;-0.006700960289989859;0.0027861943161096975;-1.8750921610030682e-17;0.12224034241807627;-0.00938867503249631;-0.004675708845348999;3300.003;3.1;0.008628703763470842;0.8507829113791902;2.5;0.018274331720771288;1.801640013670151;1.1715461430504537e-16;1.982168700470584;-0.012682557516073422;0.00145640479614375;-9.374945386609349e-17;1.2299827363725488;-0.0333447964006254;-0.005130243910507391;-2.7657609374795257e-16;1.0103611363000573;-0.0519731841307693;-0.00993964335813796;2400.0
35;AS21R;11;SA7;;AS21R_11;AS21R_rat_11_SA7;SA;no ND1;no ND2;(0.0, 2231.643);no D2;1018.0;36.0;1054.0;35.0;;;;0.0;;0.0;;;;35.0;;0.0;;;;30.565;250.888;30.565;;;;;;;;;;123.616;;;;;;0.0;;;;;0.0;10.0;;;;2.3;0.0318335385957862;2.8023598768109315;-4.686184572201815e-17;1.7073759786458451;0.0055281393147070335;0.018500239576523816;-7.812454488841123e-17;1.3591946183074362;0.014693549461691548;0.05004759632579365;-6.562822563510738e-17;0.776593927587331;0.028182350325480186;0.06521355535991061;;;;;;;;;;;;;;;;;;;;;;;;;;;;;;;;;;;;;;
36;AS21R;11;SA8;39;AS21R_11;AS21R_rat_11_SA8_j39;SA;(2400.0, 3300.0);no ND2;(0, 2400.0);(3300.0, 4702.831);2364.0;6.0;2370.0;35.0;1267.0;;0.0;0.0;1267.0;0.0;15.0;0.0;15.0;23.0;12.0;0.0;3300.0;2400.0;;58.133;381.116;58.133;0.044;;0.044;10.878;;10.878;;;;368.982;4.608;543.0;724.0;181.0;0.143;0.0;;;;;0.0;10.0;;;;1.9;0.03133723345994471;3.1567362281515794;0.0;0.019528886927132345;0.015818107566847567;0.016005863521037222;-2.734359071094393e-16;-0.11319790507280013;0.03969223923480275;0.03668708338958003;-7.96914168426304e-17;-0.4538359902945648;0.07160930535752841;0.05228589111139014;2.8;0.013392567690746685;1.6879763819404388;2.1;0.01930143930155209;2.4328076216606154;5.27630744376312e-17;1.4483301437981666;-0.004745871068948336;0.004922232194572403;3.9073012689584836e-18;1.1673682835503956;-0.010024660789274319;0.015329746115053644;-3.7508029601324984e-17;0.960170773773726;-0.012597400816032197;0.02020621074379819;3300.0;3.1;0.011395734978197007;1.4939486539147115;1.5;0.02180739732446623;2.8590627145568726;4.6900510611227736e-17;1.0559937051025183;-0.0026961543400879115;0.003556785417027322;2.7351108882709384e-17;1.4336761524649062;-0.007296926584950063;0.0207043742260742;3.7508029601324984e-17;1.2338433886711047;-0.015359309437505977;0.027324276806098398;2400.0
37;AS21R;12;BSL;42;AS21R_12;AS21R_rat_12_BSL_j42;SA;(2400.004, 3300.0);no ND2;(0, 2400.004);no D2;49.0;13.0;62.0;9.0;4.0;;13.0;0.0;17.0;0.0;0.0;0.0;0.0;9.0;;0.0;;2400.004;;27.538;;27.538;;;;592.071;756.603;592.071;;;;66.935;;0.0;4.0;4.0;1.0;0.0;;;;;0.0;0.015;;;;;;;;;;;;;;;;;;;2.7;0.010406067132845247;0.8884457773578972;2.1;0.040217757612045844;3.433632303210406;0.0;3.62427506295873;-0.007417194463054293;0.021484251858469163;4.6874726933046743e-17;3.055625412696778;-0.024898045016820025;0.057538599831647136;-1.3125645127021477e-16;3.1349396027866105;-0.03692578494090243;0.09752886445046213;3300.0;2.5;0.02238116547425925;1.910825201483159;;;;1.427429603089487e-16;10.10515776223154;-1.756348765530207e-05;0.004853357792093789;1.0;-6107701837109876.0;0.0001196111271125899;0.009340578060374588;2.3156080227896123e-15;-6.35240579216106;5.167009715120715e-05;0.014407755058732144;2400.004
38;AS21R;12;BSL;45;AS21R_12;AS21R_rat_12_BSL_j45;SA;(2400.004, 3300.004);no ND2;(0, 2400.004);(3300.004, 3325.037);182.0;5.0;187.0;10.0;128.0;;5.0;0.0;133.0;0.0;0.0;0.0;0.0;9.0;1.0;0.0;3300.004;2400.004;;90.442;;90.442;5.929;;5.929;208.443;468.43;208.443;;;;112.118;20.776;93.0;35.0;-58.0;-0.453;0.0;;;;;0.0;0.019;;;;;;;;;;;;;;;;;;;1.5;-0.005327723499531961;-0.6333540129805632;4.2;-0.001300195169557022;-0.1509898378105981;5.159056167235051e-16;1.4563617843572265;-0.009961317648508817;-0.007178777394461171;-1.5629205075833933e-16;0.8400942180877022;-0.03142753760125802;-0.025047515869419494;1.8754014800662492e-16;0.767421150757509;-0.05588093525600035;-0.0462570404415697;3300.004;;;;;;;;;;;;;;;;;;;2400.004
39;AS21R;12;BSL;46;AS21R_12;AS21R_rat_12_BSL_j46;SA;(2400.009, 3300.009);no ND2;(0, 2400.009);(3300.009, 3300.861);91.0;6.0;97.0;9.0;46.0;;6.0;0.0;52.0;0.0;0.0;0.0;0.0;9.0;0.0;0.0;3300.009;2400.009;;5.831;;5.831;;;;428.637;785.066;428.637;;;;32.299;;0.0;46.0;46.0;1.0;0.0;;;;;0.0;0.089;;;;;;;;;;;;;;;;;;;2.6;-0.006649650741454977;-0.742247047210445;1.9;0.00436969159130496;0.47839515193896215;1.4058553716605444e-16;3.437512896620488;-0.01497212670570357;-0.002290433488475193;4.492161331083646e-16;2.322119154898422;-0.04344959746355092;-0.01887751093777288;1.3360031647146862e-16;1.904342797579279;-0.0727188612179075;-0.034490097950056905;3300.009;;;;;;;;;;;;;;;;;;;2400.009
40;AS21R;12;SA2;24;AS21R_12;AS21R_rat_12_SA2_j24;SA;(2400.002, 3300.002);(5700.003, 6600.007);(0, 2400.002);(3300.002, 5700.003);126.0;5.0;131.0;23.0;5.0;0.0;2.0;0.0;7.0;0.0;0.0;0.0;0.0;7.0;9.0;0.0;3300.002;2400.002;5700.003;79.846;74.344;74.344;11.011;;11.011;80.488;122.962;80.488;;;;127.341;49.144;1.0;4.0;3.0;0.6;0.0;0.0;0.0;0.0;;0.0;10.003;;;;2.5;0.02009913744271317;1.8918052052515006;-5.833684201642859e-17;0.688962089451949;0.0014157019655676641;0.006419818058297774;3.888058745609303e-18;0.6628760290253367;0.0039512784367463465;0.019104239775745206;-2.2427125639641496e-16;-0.0697054960297916;0.030520165555439786;0.026997526183997155;2.1;0.011769947910364831;1.0616554510752594;3.2;0.03738653758968385;3.37319392016395;4.6900510611227736e-17;3.5381513191481537;-0.004938095029938287;0.022789772327224195;-1.5629205075833934e-17;3.7111579984424257;-0.022254811937373213;0.060774198154535476;9.377007400331246e-17;2.7136909194350864;-0.03232492028364689;0.08373237510519808;3300.002;2.0;0.01865638526744817;1.852358743665857;3.4;0.03308746859775506;3.284916907977315;-1.1725127652806933e-16;3.0267149842270533;0.0017619103708247403;0.01574414748162128;1.5629205075833934e-17;3.1261921285852807;0.0004812105643653762;0.05916459412750475;0.0;2.2457075776250757;-0.008798894354714525;0.07513431473000128;2400.002
41;AS21R;12;SA3;26;AS21R_12;AS21R_rat_12_SA3_j26;SA;(2400.003, 3300.007);(5700.01, 6600.014);(0, 2400.003);(3300.007, 5700.01);120.0;4.0;124.0;24.0;0.0;0.0;2.0;0.0;2.0;0.0;0.0;0.0;0.0;8.0;9.0;0.0;3300.007;2400.003;5700.01;50.864;44.452;44.452;5.897;;5.897;;718.517;718.517;;;;85.224;16.575;0.0;0.0;0.0;;0.0;0.0;0.0;0.0;;0.0;10.002;;;;;;;;;;;;;;;;;;;1.9;0.007159239102383495;0.6807105739118464;2.7;0.030320552456690044;2.8830004749221314;9.37236914440363e-17;3.315772188824552;-0.002278475308166453;0.01976459256896094;0.0;2.388981531420909;-0.023706382103529655;0.041631828162645206;7.500368644012273e-17;2.2701924698665636;-0.05100093858266132;0.0482814660494104;3300.007;2.2;0.01848519711431909;1.5989662444662143;1.9;0.03809554960343975;3.295715543386956;-5.862563826403466e-17;2.009747439575967;-0.0003722370794210634;0.01672608662176231;3.125841015166787e-17;2.857053083763437;-0.008468944162950638;0.0647892152244555;-1.8754014800662492e-17;2.2718099277196226;-0.005393500588835955;0.09898621867246712;2400.003
42;AS21R;12;SA5;32;AS21R_12;AS21R_rat_12_SA5_j32;SA;(2400.0, 3300.0);(5700.001, 6600.001);(0, 2400.0);(3300.0, 5700.001);134.0;8.0;142.0;22.0;9.0;6.0;1.0;5.0;10.0;11.0;0.0;0.0;0.0;9.0;7.0;0.0;3300.0;2400.0;5700.001;26.896;36.238;26.896;5.152;;5.152;378.477;541.245;378.477;573.093;638.3;573.093;66.176;15.585;0.0;9.0;9.0;1.0;0.0;0.0;6.0;6.0;1.0;0.0;10.0;;;;3.0;0.02531026695829301;2.2345426841040488;-3.5059674461847047e-17;0.45975636965016486;0.010737847933007761;0.01430900573838767;1.2493059090287476e-16;0.3153347289833074;0.03147092346713585;0.040563090305392305;0.0;0.4422517563691098;0.024317702989663445;0.049406015873510185;1.4;0.021162872700547092;1.6558988491180613;0.8;0.04223280442094199;3.304560034860673;2.3450255305613868e-17;3.120199503935401;0.002922262150907082;0.018571772065193917;-6.251682030333574e-17;1.3876188155529543;0.01425387171669155;0.05576366462439829;-3.7508029601324984e-17;1.4412621205203495;-0.005171463069474281;0.08092109844702226;3300.0;1.2;0.02880842758319051;2.2832827196124694;2.3;0.04544968780612247;3.602091196927527;-5.862563826403466e-17;2.9042721219763292;-0.0047511832069148845;0.019386199902803113;-1.2503364060667148e-16;3.824530940730761;-0.022548394123548747;0.06983376917262431;4.688503700165623e-17;3.5173782822384863;-0.03501113708221806;0.10179060246536928;2400.0
43;AS21R;12;SA6;36;AS21R_12;AS21R_rat_12_SA6_j36;SA;(2400.001, 3300.001);(5700.004, 6600.007);(0, 2400.001);(3300.001, 5700.004);115.0;1.0;116.0;22.0;2.0;0.0;0.0;1.0;2.0;1.0;0.0;0.0;0.0;9.0;7.0;0.0;3300.001;2400.001;5700.004;1.271;;1.271;13.622;;13.622;737.08;;737.08;;522.989;522.989;77.477;16.701;0.0;2.0;2.0;1.0;0.0;0.0;0.0;0.0;;0.0;10.002;;;;0.9999999999999998;0.02625437558389041;2.270877711133215;4.6900510611227736e-17;0.2411547743051678;0.005605523758983759;0.008044073166552049;7.814602537916967e-17;-0.3679404357536541;0.028674807642512543;0.018315513579396626;-3.7508029601324984e-17;-0.2500596674077005;0.03698571863752155;0.025228209422004336;1.6;0.012121417706713824;1.1717795092127732;1.5;0.05060166936179797;4.892449480428407;2.3450255305613868e-17;2.35167737326376;0.00291423151883553;0.01622531906221433;-6.251682030333574e-17;4.6633139842111015;-0.0009460006776216782;0.08984495909166848;7.501605920264997e-17;4.848233082151794;-0.009831163128220093;0.15272548416735324;3300.001;0.9;0.020392080379841034;1.775021972726944;1.3;0.03492115496566785;3.0397084579316567;1.1725127652806933e-16;1.2206789956381099;-0.005222442864556617;0.0054311403193186385;9.37752304550036e-17;1.791673403452574;-0.01573562035968348;0.032548165319852926;4.688503700165623e-17;2.275784841952065;-0.0249779704357398;0.0784127206108029;2400.001
44;AS21R;12;SA7;40;AS21R_12;AS21R_rat_12_SA7_j40;SA;(2400.008, 3300.015);(5700.018, 6600.021);(0, 2400.008);(3300.015, 5700.018);121.0;11.0;132.0;22.0;5.0;4.0;7.0;4.0;12.0;8.0;0.0;0.0;0.0;8.0;7.0;0.0;3300.015;2400.008;5700.018;30.541;;30.541;8.945;;8.945;286.346;428.019;286.346;437.01;413.071;413.071;79.257;15.285;1.0;4.0;3.0;0.6;0.0;0.0;4.0;4.0;1.0;0.0;10.002;;;;3.2999999999999994;0.02154365180030199;2.1174112989722595;4.66311885650599e-17;1.4564216876040736;-0.008414802999541306;0.0049447594703002015;-3.1104469964874426e-17;1.010230557384298;-0.018535909956055398;0.006478081938955339;-3.7323321642027584e-17;1.3815098231667324;-0.030510299405143142;0.02537622279266827;2.1;0.017335740909304558;1.3745233949588995;1.0;0.054957128061986035;4.356660136324729;1.1715461430504538e-17;4.056666439032596;0.002701413455752066;0.03337614901734756;1.5624908977682248e-17;2.8034781718578774;-0.009128973870541878;0.06449850650474906;-3.7501843220061363e-17;3.1252060356004177;-0.021888299338629413;0.1124094297271516;3300.015;2.0;0.020762326009437428;1.796082455181366;1.9;0.036346040588582505;3.143925470029812;2.3430922861009075e-17;2.2116449139346495;0.0034373352547240133;0.024921801927220592;-4.6874726933046743e-17;1.8830047133818593;0.010098769470031096;0.05712152094404467;1.8754014800662492e-17;1.5165172780995506;0.014276935567934492;0.07865823836676598;2400.008
45;AS21R;3;SA1;21;AS21R_3;AS21R_rat_3_SA1_j21;SA;(2400.003, 3300.01);(5700.013, 6600.016);(0, 2400.003);(3300.01, 5700.013);197.0;26.0;223.0;35.0;7.0;4.0;8.0;10.0;15.0;14.0;0.0;0.0;0.0;10.0;21.0;0.0;3300.01;2400.003;5700.013;153.328;139.541;139.541;10.124;3.585;3.585;115.089;535.061;115.089;389.904;356.141;356.141;795.13;23.362;2.0;5.0;3.0;0.429;0.0;0.0;4.0;4.0;1.0;0.0;10.003;;;;2.4;0.02136983741588899;2.3424653399281232;-5.833684201642859e-17;0.3196109634597645;0.006932863626301328;0.009460101080468387;5.849693214270858e-17;0.21725981410781484;0.01903806780112424;0.02422923324035965;-5.619715161721009e-17;-0.315997412478057;0.04206070941538644;0.03037521428944353;2.5;0.013376396338896953;1.5483041368329642;2.5;0.021593136676822913;2.499447149172145;2.3450255305613868e-17;1.5396569550953667;-0.005133469864520896;0.005009933507579978;0.0;0.5444354922220324;0.0010510185731348572;0.01409782325676712;-4.688503700165623e-18;0.479449985219688;-0.002531911802619959;0.015884681639723713;3300.01;1.7;0.01562836384894043;1.742916973298823;1.3;0.03049588421589667;3.401079071075212;4.6900510611227736e-17;0.4061623436756452;0.004152451273060729;0.006967323671260836;0.0;1.6669709589028157;-0.0016336474734259016;0.03558001022211228;0.0;1.6635506582878035;-0.009333063598576665;0.05508817170366922;2400.003
46;AS21R;3;SA2;33;AS21R_3;AS21R_rat_3_SA2_j33;SA;(2400.007, 3300.015);(5700.017, 6600.02);(0, 2400.007);(3300.015, 5700.017);126.0;65.0;191.0;24.0;2.0;0.0;13.0;0.0;15.0;0.0;0.0;0.0;0.0;8.0;8.0;0.0;3300.015;2400.007;5700.017;30.564;121.123;30.564;20.721;1026.706;20.721;895.703;185.964;185.964;;;;54.519;24.158;0.0;2.0;2.0;1.0;0.0;0.0;0.0;0.0;;0.0;10.002;;;;2.2999999999999994;0.015677164090573553;1.78330024681244;-7.029276858302722e-17;0.11182162057828537;0.00021667166848067477;0.0012722493497354472;1.9531136222102808e-17;-0.23745903256145742;-0.0011653868259452126;-0.006801370801076271;7.501605920264997e-17;-0.30476170137833425;0.006100217290990904;-0.0061091014088945;2.5;0.015262367345085258;1.6156376915095003;1.5;0.028732736243340582;3.041522807477454;2.3430922861009075e-17;0.9840118831229043;1.6718286331342085e-05;0.007817422549679586;1.1718681733261686e-17;0.9932752628536471;-0.002397213040915212;0.022099256376794517;-1.4063191207523013e-17;1.2626056274143667;-0.007318844710737703;0.04489579554023877;3300.015;1.0;0.020399538980105478;2.1573899655100743;2.0;0.0221655890911183;2.3441711499343163;2.3430922861009075e-17;0.6515545502883738;-0.00317589686564185;0.00186552325669556;-4.2968499688626177e-17;0.40391541545990217;-0.006970045803032974;0.003945642215478892;7.032755550248435e-18;0.28655888511877287;-0.00807840496187234;0.0053704484436309236;2400.007
47;AS21R;3;SA3;;AS21R_3;AS21R_rat_3_SA3;SA;(2400.0, 3300.0);(5700.0, 6600.0);(0, 2400.0);(3300.0, 5700.0);211.0;23.0;234.0;33.0;0.0;0.0;0.0;3.0;0.0;3.0;0.0;0.0;0.0;13.0;10.0;0.0;3300.0;2400.0;5700.0;38.489;14.154;14.154;23.55;859.232;23.55;;;;;205.27;205.27;55.334;27.095;0.0;0.0;0.0;;0.0;0.0;0.0;0.0;;0.0;10.0;;;;2.3;0.03349051962731744;2.962666155812199;-4.686184572201815e-17;0.2240100624846388;0.009904057683760223;0.012379071308590651;3.1249817955364495e-17;0.6203472357658992;0.019059590104234046;0.03730574079389627;-3.7501843220061363e-17;0.6507342205794815;0.024886751108547232;0.05637741582383345;2.7;0.01692103088488275;1.5438776898521358;1.8;0.029007047419756436;2.646647641614793;1.75876914792104e-17;1.6456381010695975;-0.0017221968083207047;0.01055944267670321;7.814602537916967e-18;1.1638401344970064;-0.008166886661568885;0.021264275057651397;-4.688503700165623e-17;0.870593890064442;-0.01405191346010643;0.025656898047791154;3300.0;3.4;0.024057237952866253;2.1239775680014916;2.4;0.029189869432006226;2.5771254527247396;1.1725127652806933e-16;-0.003709022252377074;0.0034389446685016006;0.00341041289384863;3.907301268958483e-17;0.22254008136026562;0.009102618361877455;0.0157245681357065;-1.8754014800662492e-17;0.09397394080879505;0.01673651914893186;0.021455514315080443;2400.0
48;AS21R;5;BSL;42;AS21R_5;AS21R_rat_5_BSL_j42;SA;(2400.004, 3300.0);no ND2;(0, 2400.004);no D2;73.0;5.0;78.0;8.0;30.0;;4.0;0.0;34.0;0.0;0.0;0.0;0.0;8.0;;0.0;;2400.004;;5.441;81.892;5.441;;;;297.478;804.201;297.478;;;;8.839;;17.0;13.0;-4.0;-0.133;0.0;;;;;0.0;0.022;;;;;;;;;;;;;;;;;;;2.7;0.02783302450611842;2.446999120425483;2.7;0.031226016777791413;2.7453175925529365;-7.029276858302722e-17;0.36777000511121793;0.004866797467301227;0.008748869070558205;-4.6874726933046743e-17;0.44351498161250136;0.019326544432279297;0.0336652048244997;-7.500368644012273e-17;0.47950242795856934;0.02620661110344573;0.0506786415046166;3300.0;2.0;0.021640426502273817;1.9025338735018427;;;;2.0301221021717147e-15;4.700259126384432;-6.195965022708216e-05;-0.005216539381963723;;;-9.23766825950683e-06;-0.012111124421574956;-9.516197353929913e-17;0.9723831643781546;-1.6521997584463573e-05;-0.010131165412647629;2400.004
49;AS21R;5;BSL;45;AS21R_5;AS21R_rat_5_BSL_j45;SA;(2400.001, 3300.001);no ND2;(0, 2400.001);(3300.001, 3647.606);110.0;7.0;117.0;11.0;43.0;;0.0;0.0;43.0;0.0;0.0;0.0;0.0;9.0;2.0;0.0;3300.001;2400.001;;28.306;97.751;28.306;2.295;21.814;2.295;358.798;;358.798;;;;116.936;12.84;2.0;41.0;39.0;0.907;0.0;;;;;0.0;0.043;;;;;;;;;;;;;;;;;;;2.2;0.01027093581373588;0.7498245883066769;1.3;0.02508363467573827;1.8311905024120445;0.0;1.7695348632058556;-0.004281697909520701;0.007498284302223847;3.907301268958483e-17;1.4321266747546562;-0.007555733329614249;0.025300293573402015;0.0;1.3681416123148393;-0.02303574327910489;0.028151571400476957;3300.001;2.5;0.01901853214942967;1.3884220914286407;;;;4.440892098500626e-16;-6.128622237446193;6.606066506331823e-06;0.0016979070820878552;;;-7.84991952205363e-06;0.00984972848636953;;;-9.884466566334387e-07;0.005008528335481516;2400.001
50;AS21R;5;SA2;28;AS21R_5;AS21R_rat_5_SA2_j28;SA;(2400.005, 3300.012);(5700.015, 6600.018);(0, 2400.005);(3300.012, 5700.015);155.0;97.0;252.0;18.0;25.0;20.0;13.0;18.0;38.0;38.0;4.0;0.0;4.0;6.0;7.0;0.0;3300.012;2400.005;5700.015;54.463;14.575;14.575;6.225;46.552;6.225;27.901;70.366;27.901;740.033;875.813;740.033;102.876;14.046;10.0;15.0;5.0;0.2;0.0;0.0;20.0;20.0;1.0;0.0;10.005;;;;3.3999999999999995;0.023538237597480915;2.3078385069918674;-7.583789462135717e-17;0.662235576679913;0.004560092867760305;0.009331960935197366;-3.113854771887593e-17;0.764390492577048;0.008924164730802282;0.02689091755155428;9.355401392496381e-18;0.6890408848347086;0.015157356303412967;0.04304911490225105;1.8;0.014296355839757309;1.3709100955228495;2.0;0.020304144069545206;1.947110866084563;0.0;0.7455356972023659;-0.002412692282933353;0.0036194445464049906;-1.5624908977682248e-17;0.806883140997304;-0.007793266510542106;0.011317993670379995;1.4063191207523013e-17;0.785917871940815;-0.02041238906767892;0.012274764399510881;3300.012;1.6;0.016608499020253943;1.7158370028429153;2.6;0.021601788112378836;2.2317200784077973;-4.686184572201815e-17;0.6031762004239596;0.0004826145463313425;0.006447795818149571;-6.249963591072899e-17;0.7801239692352417;-0.0017906741874637018;0.01964652312057927;1.8750921610030682e-17;0.6085547199215031;-0.011101752867125721;0.015412078149245667;2400.005
51;AS21R;5;SA4;31;AS21R_5;AS21R_rat_5_SA4_j31;SA;(2400.0, 3300.001);(5700.001, 6600.001);(0, 2400.0);(3300.001, 5700.001);283.0;44.0;327.0;20.0;56.0;81.0;22.0;18.0;78.0;99.0;0.0;0.0;0.0;8.0;6.0;0.0;3300.001;2400.0;5700.001;10.12;705.323;10.12;3.702;;3.702;359.753;401.712;359.753;43.622;12.045;12.045;102.649;10.972;1.0;55.0;54.0;0.964;1.0;40.0;41.0;1.0;0.012;0.0;10.0;;;;1.6;0.024775617796824054;2.002527548573815;-4.6900510611227736e-17;0.07944916301922086;0.001561506098434698;0.002366950585546957;-4.68876152275018e-17;0.4630364271504575;0.0027228098371417544;0.017141011566803192;3.047527405107655e-17;0.270336948497343;0.003884321970817697;0.018243107304383464;1.3;0.02465825570069259;2.324989361265319;1.6;0.027622638189544847;2.6045062352693926;4.686184572201815e-17;0.17380681227846428;-0.0003743340522617104;0.0009957079950375352;7.812454488841124e-18;0.5042439906205025;-0.004179666199651966;0.010707699604707447;-9.375460805015341e-18;0.4286354539640428;-0.003496969490825845;0.01779751920211252;3300.001;2.0;0.01279530963793681;1.1064538306521;2.2;0.02180943222442452;1.8860473189162084;-9.37236914440363e-17;0.7719615069241499;-0.00939489390990352;-0.0018923120585234434;7.814602537916967e-17;0.9309918350910954;-0.023711134864642634;0.004659350472206015;-1.1721259250414058e-17;1.0313712179695431;-0.04887737895054481;0.003946633479611239;2400.0
52;AS21R;5;SA5;35;AS21R_5;AS21R_rat_5_SA5_j35;SA;(2400.001, 3300.003);(5700.005, 6600.009);(0, 2400.001);(3300.003, 5700.005);150.0;31.0;181.0;17.0;17.0;45.0;5.0;9.0;22.0;54.0;0.0;0.0;0.0;6.0;6.0;0.0;3300.003;2400.001;5700.005;24.922;113.962;24.922;6.648;10.513;6.648;402.657;359.214;359.214;215.369;208.619;208.619;44.518;17.769;0.0;17.0;17.0;1.0;0.0;21.0;24.0;3.0;0.067;0.0;10.002;;;;1.3999999999999997;0.02211888397808557;2.4003875016553016;4.100411500676588e-17;0.007877995499520537;0.003228371017731086;0.0033108226613903268;-3.9062272444205616e-17;0.0412267922407334;0.017040024340337086;0.01830387049798;7.032755550248435e-17;-0.18737130518253162;0.03367123354712174;0.025538908738408472;2.9;0.013617847645456925;1.492263604202772;2.6;0.022143215956002514;2.4265630376241845;-1.75876914792104e-17;1.3562574873285065;0.00041704651613260597;0.008624431092712043;0.0;1.1660079221509476;-0.0032406760304438346;0.023252141469323303;-4.688503700165623e-18;1.0188428947182322;-0.008835365328770025;0.030318931352362428;3300.003;1.4;0.030450001048342085;2.8581556199450526;1.1;0.026338647988578132;2.4722407356938505;2.3430922861009075e-17;0.15426362495753118;0.007490035672961992;0.009441555699541955;1.0156190835493461e-16;-0.39218877961078774;0.024505225372672513;0.012697200290891763;-4.688503700165623e-17;-0.4922263423149917;0.034025542021155764;0.009774418180782809;2400.001
53;AS21R;5;SA6;37;AS21R_5;AS21R_rat_5_SA6_j37;SA;(2400.0, 3300.0);(5700.0, 6600.0);(0, 2400.0);(3300.0, 5700.0);148.0;18.0;166.0;20.0;6.0;27.0;2.0;2.0;8.0;29.0;2.0;1.0;3.0;8.0;6.0;0.0;3300.0;2400.0;5700.0;21.95;32.455;21.95;8.005;;8.005;31.322;36.985;31.322;398.01;588.438;398.01;31.705;12.637;3.0;3.0;0.0;0.0;0.0;0.0;27.0;27.0;1.0;0.0;10.0;;;;3.2;0.019766765716673455;1.9975324037552402;0.0;1.1197768606658887;-0.005037957829566479;0.004436845063773802;0.0;1.4193995053994704;-0.021644036101842384;0.015617501559777208;3.281411281755369e-17;1.1530713597159166;-0.03595606902505881;0.015972503754826645;1.7;0.015237094704775675;1.549627153222053;2.6;0.02019512242807174;2.0538129669981235;0.0;0.3531060177207072;-0.0013141518304197262;0.0009126687800495644;4.6874726933046743e-17;0.695774711122973;-0.006482862031070781;0.010461226429109896;4.6877304025076704e-18;0.7853402618482846;-0.00641178998574762;0.024561161344163106;3300.0;1.1;0.021884111358952657;2.286423802202252;1.3;0.02663758336420234;2.78302945080803;-4.686184572201815e-17;0.06841960223765525;0.004882161177257986;0.005303386022994638;-6.249963591072899e-17;0.5177082422772764;0.009902352070053742;0.021176085617093103;-4.6877304025076705e-17;0.5658872415080918;0.012041553712525249;0.03564961011087762;2400.0
54;AS21R;5;SA7;40;AS21R_5;AS21R_rat_5_SA7_j40;SA;(2400.001, 3300.001);(5700.001, 6600.001);(0, 2400.001);(3300.001, 5700.001);245.0;18.0;263.0;19.0;43.0;99.0;1.0;8.0;44.0;107.0;0.0;0.0;0.0;8.0;5.0;0.0;3300.001;2400.001;5700.001;16.686;9.075;9.075;7.591;5.928;5.928;630.833;677.486;630.833;184.4;206.482;184.4;32.035;12.517;0.0;43.0;43.0;1.0;0.0;18.0;81.0;63.0;0.636;1.0;10.0;;;;1.6;0.03306380264129707;2.885843103607961;-9.37236914440363e-17;-0.1250329540545777;0.01087436336253582;0.009644847771132121;-2.3437363466523372e-17;-0.45066367754788444;0.03888546330587523;0.026060906048671617;1.5003211840529994e-16;-0.06736400115568912;0.05136095554987288;0.04805880391609174;2.8;0.009056232998604613;0.9961069966764446;3.2;0.01857053041405108;2.042742023912386;-3.51753829584208e-17;1.7317298104391452;-0.004831132238859108;0.004363515952781269;-5.6655868399898e-17;1.2418015766279162;-0.012659723820707295;0.010104075150712872;1.8754014800662492e-17;1.2602779438394298;-0.025789731780548577;0.01445856967557777;3300.001;1.6;0.023522361217642288;2.0939473416637293;2.0;0.023902428830143478;2.1277832971196053;0.0;0.37931188848711095;-0.0020726934451960814;0.0013777463057160384;-1.5624908977682248e-17;0.3193382943708936;-0.000779904211688323;0.007649936291676791;-3.7501843220061363e-17;0.20108387349990914;0.015032063326222159;0.024887989504858227;2400.001
55;AS21R;8;SA3;27;AS21R_8;AS21R_rat_8_SA3_j27;SA;(2400.005, 3300.013);(5700.015, 6600.019);(0, 2400.005);(3300.013, 5700.015);187.0;12.0;199.0;23.0;35.0;20.0;4.0;3.0;39.0;23.0;0.0;0.0;0.0;8.0;7.0;0.0;3300.013;2400.005;5700.015;70.42;20.121;20.121;41.154;;41.154;344.935;384.671;344.935;256.349;599.256;256.349;197.039;46.051;11.0;24.0;13.0;0.371;0.0;6.0;14.0;8.0;0.4;0.0;10.005;;;;2.0999999999999996;0.019705979871751992;2.1047273535700604;9.32623771301198e-17;0.7858203436429861;-0.0030808855895330055;0.0026779082466595015;2.339877285708343e-17;1.0491045511754542;-0.014970566279815344;0.010267373030887927;-1.8732383872403365e-17;0.6769610018100191;-0.019941761178948574;0.007540908085806176;1.6;0.02288250712821992;2.1838223887929598;2.6;0.022170794791264874;2.115897847199076;4.686184572201815e-17;0.698918934985164;0.00604387037127822;0.012028863100286315;0.0;0.9219756471076959;0.003627336316734063;0.02584317736228491;-3.7501843220061363e-17;0.47655846799347085;0.018032507403668827;0.03803494468796774;3300.013;3.1;0.020812166635906956;1.9379807985154456;2.6;0.02584013583074554;2.4061966301161792;2.3450255305613868e-17;1.601644635984949;0.0009665031785555486;0.013657239661280256;7.814602537916967e-18;0.8397332228901336;0.0018038612021220055;0.02043255736596387;-1.640976295057968e-17;0.5135147447307474;0.003554924318741104;0.024500389656663613;2400.005
56;AS21R;8;SA4;32;AS21R_8;AS21R_rat_8_SA4_j32;SA;(2400.009, 3300.016);(5700.019, 6600.022);(0, 2400.009);(3300.016, 5700.019);186.0;2.0;188.0;26.0;23.0;18.0;0.0;1.0;23.0;19.0;0.0;0.0;0.0;11.0;8.0;0.0;3300.016;2400.009;5700.019;47.213;360.419;47.213;12.434;;12.434;330.9;;330.9;336.487;750.321;336.487;54.904;16.027;4.0;19.0;15.0;0.652;0.0;13.0;5.0;-8.0;-0.444;0.0;10.003;;;;3.2;0.02233434011072265;2.1458418437641846;9.333894722628574e-17;0.5033360493726582;0.00022299790971459123;0.005191137141193886;7.776117491218607e-18;0.6984434970184743;-0.0029763407586110143;0.017902950128913242;4.66618115751174e-18;0.5949051742724853;-0.005993656293349617;0.02416904496680713;2.3;0.016135260348764224;1.6734397500724172;1.0;0.025676042955635477;2.6629088102935463;0.0;0.40371651634270783;-0.00022743847829832667;0.0029134615415564477;-4.68876152275018e-17;0.6476310552149959;-0.00903484010969327;0.005793927968615528;-1.8754014800662492e-17;0.6555096416726905;-0.011761449024548409;0.015542316932154705;3300.016;2.3;0.022577433028483272;2.2632504039815555;3.7;0.019638721074820113;1.9686798552804883;-4.1037946784824266e-17;0.6250677322481097;0.0016584062499380105;0.008729460121728762;-1.5629205075833934e-17;0.4580451773623406;0.0028024807778965245;0.01570953397453248;7.032755550248435e-18;0.14965857293601592;0.004648832234087891;0.011749962221923692;2400.009
57;AS21R;8;SA5;37;AS21R_8;AS21R_rat_8_SA5_j37;SA;(2400.005, 3300.012);(5700.015, 6600.018);(0, 2400.005);(3300.012, 5700.015);137.0;5.0;142.0;24.0;4.0;1.0;2.0;0.0;6.0;1.0;0.0;0.0;0.0;9.0;8.0;0.0;3300.012;2400.005;5700.015;121.01;78.988;78.988;8.134;;8.134;448.886;396.852;396.852;616.868;;616.868;168.647;11.669;0.0;4.0;4.0;1.0;0.0;0.0;1.0;1.0;1.0;0.0;10.005;;;;1.8999999999999997;0.01649282504475711;1.5549212527291147;5.848088360165434e-17;0.8860279342240434;-0.007759277920022648;-0.0001454886989854464;9.367220905378964e-17;0.4770360911652591;-0.020914791801588603;-0.009306366936762721;-2.811710743321089e-17;0.3535917154278771;-0.03602270257773965;-0.021084714574156765;2.1;0.020484305657681157;2.0295855145964805;2.4;0.02693446832834213;2.6686480960627743;0.0;0.9046750904171107;-4.5468096517951515e-05;0.009788150265083848;-1.5624908977682248e-17;1.0237189995222962;-0.0034591847836064043;0.028859261858340233;2.812638241504603e-17;1.0658234156971806;-0.005646719117827897;0.04465656003940728;3300.012;1.1;0.028365307989976364;2.697328176033526;2.8;0.023495862152235713;2.234341022536546;2.3430922861009075e-17;-0.06303147185964483;0.00565419836661854;0.005014730398685027;-2.3437363466523372e-17;-0.2418494483505085;0.01502883631021845;0.007984597843706169;-2.3438652012538352e-18;-0.13234342463698573;0.02026660614661046;0.013742179053362547;2400.005
